Path,Method,Schema,Model Name,Supported,Datasource,Resource
/apps/connect.eda.nokia.com,GET,AppGroup,app_group,true,true,false
/apps/connect.eda.nokia.com/v2,GET,ResourceList,resource_list,true,true,false
/apps/connect.eda.nokia.com/v2/_ui/{pathname},GET,UIResult,,false,false,false
/apps/connect.eda.nokia.com/v2/connectaudits,GET,com.nokia.eda.connect.v2.ConnectAuditList,,false,false,false
/apps/connect.eda.nokia.com/v2/connectinterfaces,GET,com.nokia.eda.connect.v2.ConnectInterfaceList,,false,false,false
/apps/connect.eda.nokia.com/v2/connectpluginactionables,GET,com.nokia.eda.connect.v2.ConnectPluginActionableList,,false,false,false
/apps/connect.eda.nokia.com/v2/connectplugins,GET,com.nokia.eda.connect.v2.ConnectPluginList,,false,false,false
/apps/connect.eda.nokia.com/v2/namespaces/{namespace}/connectaudits,DELETE,com.nokia.eda.connect.v2.ConnectAuditList,,false,false,false
/apps/connect.eda.nokia.com/v2/namespaces/{namespace}/connectaudits,GET,com.nokia.eda.connect.v2.ConnectAuditList,connect_audit_list,true,true,false
/apps/connect.eda.nokia.com/v2/namespaces/{namespace}/connectaudits,POST,com.nokia.eda.connect.v2.ConnectAudit,connect_audit,true,false,true
/apps/connect.eda.nokia.com/v2/namespaces/{namespace}/connectaudits/_deleted,GET,com.nokia.eda.connect.v2.ConnectAudit_DeletedResources,,false,false,false
/apps/connect.eda.nokia.com/v2/namespaces/{namespace}/connectaudits/{name},DELETE,Status,connect_audit,true,false,true
/apps/connect.eda.nokia.com/v2/namespaces/{namespace}/connectaudits/{name},GET,com.nokia.eda.connect.v2.ConnectAudit,connect_audit,true,true,true
/apps/connect.eda.nokia.com/v2/namespaces/{namespace}/connectaudits/{name},PATCH,com.nokia.eda.connect.v2.ConnectAudit,,false,false,false
/apps/connect.eda.nokia.com/v2/namespaces/{namespace}/connectaudits/{name},PUT,com.nokia.eda.connect.v2.ConnectAudit,connect_audit,true,false,true
/apps/connect.eda.nokia.com/v2/namespaces/{namespace}/connectaudits/{name}/_revs,GET,ResourceHistory,,false,false,false
/apps/connect.eda.nokia.com/v2/namespaces/{namespace}/connectaudits/{name}/_targets,GET,IntentTargets,,false,false,false
/apps/connect.eda.nokia.com/v2/namespaces/{namespace}/connectaudits/{name}/_topology,POST,K8STopologyRequest,,false,false,false
/apps/connect.eda.nokia.com/v2/namespaces/{namespace}/connectinterfaces,DELETE,com.nokia.eda.connect.v2.ConnectInterfaceList,,false,false,false
/apps/connect.eda.nokia.com/v2/namespaces/{namespace}/connectinterfaces,GET,com.nokia.eda.connect.v2.ConnectInterfaceList,connect_interface_list,true,true,false
/apps/connect.eda.nokia.com/v2/namespaces/{namespace}/connectinterfaces,POST,com.nokia.eda.connect.v2.ConnectInterface,connect_interface,true,false,true
/apps/connect.eda.nokia.com/v2/namespaces/{namespace}/connectinterfaces/_deleted,GET,com.nokia.eda.connect.v2.ConnectInterface_DeletedResources,,false,false,false
/apps/connect.eda.nokia.com/v2/namespaces/{namespace}/connectinterfaces/{name},DELETE,Status,connect_interface,true,false,true
/apps/connect.eda.nokia.com/v2/namespaces/{namespace}/connectinterfaces/{name},GET,com.nokia.eda.connect.v2.ConnectInterface,connect_interface,true,true,true
/apps/connect.eda.nokia.com/v2/namespaces/{namespace}/connectinterfaces/{name},PATCH,com.nokia.eda.connect.v2.ConnectInterface,,false,false,false
/apps/connect.eda.nokia.com/v2/namespaces/{namespace}/connectinterfaces/{name},PUT,com.nokia.eda.connect.v2.ConnectInterface,connect_interface,true,false,true
/apps/connect.eda.nokia.com/v2/namespaces/{namespace}/connectinterfaces/{name}/_revs,GET,ResourceHistory,,false,false,false
/apps/connect.eda.nokia.com/v2/namespaces/{namespace}/connectinterfaces/{name}/_targets,GET,IntentTargets,,false,false,false
/apps/connect.eda.nokia.com/v2/namespaces/{namespace}/connectinterfaces/{name}/_topology,POST,K8STopologyRequest,,false,false,false
/apps/connect.eda.nokia.com/v2/namespaces/{namespace}/connectpluginactionables,DELETE,com.nokia.eda.connect.v2.ConnectPluginActionableList,,false,false,false
/apps/connect.eda.nokia.com/v2/namespaces/{namespace}/connectpluginactionables,GET,com.nokia.eda.connect.v2.ConnectPluginActionableList,connect_plugin_actionable_list,true,true,false
/apps/connect.eda.nokia.com/v2/namespaces/{namespace}/connectpluginactionables,POST,com.nokia.eda.connect.v2.ConnectPluginActionable,connect_plugin_actionable,true,false,true
/apps/connect.eda.nokia.com/v2/namespaces/{namespace}/connectpluginactionables/_deleted,GET,com.nokia.eda.connect.v2.ConnectPluginActionable_DeletedResources,,false,false,false
/apps/connect.eda.nokia.com/v2/namespaces/{namespace}/connectpluginactionables/{name},DELETE,Status,connect_plugin_actionable,true,false,true
/apps/connect.eda.nokia.com/v2/namespaces/{namespace}/connectpluginactionables/{name},GET,com.nokia.eda.connect.v2.ConnectPluginActionable,connect_plugin_actionable,true,true,true
/apps/connect.eda.nokia.com/v2/namespaces/{namespace}/connectpluginactionables/{name},PATCH,com.nokia.eda.connect.v2.ConnectPluginActionable,,false,false,false
/apps/connect.eda.nokia.com/v2/namespaces/{namespace}/connectpluginactionables/{name},PUT,com.nokia.eda.connect.v2.ConnectPluginActionable,connect_plugin_actionable,true,false,true
/apps/connect.eda.nokia.com/v2/namespaces/{namespace}/connectpluginactionables/{name}/_revs,GET,ResourceHistory,,false,false,false
/apps/connect.eda.nokia.com/v2/namespaces/{namespace}/connectpluginactionables/{name}/_targets,GET,IntentTargets,,false,false,false
/apps/connect.eda.nokia.com/v2/namespaces/{namespace}/connectpluginactionables/{name}/_topology,POST,K8STopologyRequest,,false,false,false
/apps/connect.eda.nokia.com/v2/namespaces/{namespace}/connectplugins,DELETE,com.nokia.eda.connect.v2.ConnectPluginList,,false,false,false
/apps/connect.eda.nokia.com/v2/namespaces/{namespace}/connectplugins,GET,com.nokia.eda.connect.v2.ConnectPluginList,connect_plugin_list,true,true,false
/apps/connect.eda.nokia.com/v2/namespaces/{namespace}/connectplugins,POST,com.nokia.eda.connect.v2.ConnectPlugin,connect_plugin,true,false,true
/apps/connect.eda.nokia.com/v2/namespaces/{namespace}/connectplugins/_deleted,GET,com.nokia.eda.connect.v2.ConnectPlugin_DeletedResources,,false,false,false
/apps/connect.eda.nokia.com/v2/namespaces/{namespace}/connectplugins/{name},DELETE,Status,connect_plugin,true,false,true
/apps/connect.eda.nokia.com/v2/namespaces/{namespace}/connectplugins/{name},GET,com.nokia.eda.connect.v2.ConnectPlugin,connect_plugin,true,true,true
/apps/connect.eda.nokia.com/v2/namespaces/{namespace}/connectplugins/{name},PATCH,com.nokia.eda.connect.v2.ConnectPlugin,,false,false,false
/apps/connect.eda.nokia.com/v2/namespaces/{namespace}/connectplugins/{name},PUT,com.nokia.eda.connect.v2.ConnectPlugin,connect_plugin,true,false,true
/apps/connect.eda.nokia.com/v2/namespaces/{namespace}/connectplugins/{name}/_revs,GET,ResourceHistory,,false,false,false
/apps/connect.eda.nokia.com/v2/namespaces/{namespace}/connectplugins/{name}/_targets,GET,IntentTargets,,false,false,false
/apps/connect.eda.nokia.com/v2/namespaces/{namespace}/connectplugins/{name}/_topology,POST,K8STopologyRequest,,false,false,false
